Date,Version,VersionDownloads,TotalDownloads,IsLatestVersion
2026-04-11,2.0.0,4,4,true
2026-04-12,2.0.0,4,4,true
2026-04-13,2.0.0,11,11,true
2026-04-14,2.0.0,11,11,false
2026-04-14,2.1.0,0,11,true
2026-04-15,2.0.0,11,19,false
2026-04-15,2.1.0,5,19,false
2026-04-15,2.1.1,3,19,true
2026-04-16,2.0.0,11,21,false
2026-04-16,2.1.0,5,21,false
2026-04-16,2.1.1,5,21,true
2026-04-17,2.0.0,11,23,false
2026-04-17,2.1.0,5,23,false
2026-04-17,2.1.1,7,23,true
2026-04-18,2.0.0,11,26,false
2026-04-18,2.1.0,5,26,false
2026-04-18,2.1.1,10,26,true
2026-04-19,2.0.0,11,26,false
2026-04-19,2.1.0,5,26,false
2026-04-19,2.1.1,10,26,true
2026-04-20,2.0.0,11,27,false
2026-04-20,2.1.0,5,27,false
2026-04-20,2.1.1,11,27,true
2026-04-21,2.0.0,11,27,false
2026-04-21,2.1.0,5,27,false
2026-04-21,2.1.1,11,27,true
2026-04-22,2.0.0,11,30,false
2026-04-22,2.1.0,5,30,false
2026-04-22,2.1.1,14,30,true
2026-04-23,2.0.0,12,39,false
2026-04-23,2.1.0,6,39,false
2026-04-23,2.1.1,21,39,true
2026-04-24,2.0.0,12,40,false
2026-04-24,2.1.0,6,40,false
2026-04-24,2.1.1,22,40,true
2026-04-25,2.0.0,12,41,false
2026-04-25,2.1.0,6,41,false
2026-04-25,2.1.1,23,41,true
2026-04-26,2.0.0,12,41,false
2026-04-26,2.1.0,6,41,false
2026-04-26,2.1.1,23,41,true
2026-04-27,2.0.0,12,41,false
2026-04-27,2.1.0,6,41,false
2026-04-27,2.1.1,23,41,true
2026-04-28,2.0.0,12,42,false
2026-04-28,2.1.0,6,42,false
2026-04-28,2.1.1,24,42,true
2026-04-29,2.0.0,12,43,false
2026-04-29,2.1.0,6,43,false
2026-04-29,2.1.1,25,43,true
2026-04-30,2.0.0,12,43,false
2026-04-30,2.1.0,6,43,false
2026-04-30,2.1.1,25,43,true
2026-05-01,2.0.0,12,43,false
2026-05-01,2.1.0,6,43,false
2026-05-01,2.1.1,25,43,true
2026-05-02,2.0.0,12,48,false
2026-05-02,2.1.0,6,48,false
2026-05-02,2.1.1,26,48,false
2026-05-02,2.2.1,4,48,true
2026-05-03,2.0.0,12,49,false
2026-05-03,2.1.0,6,49,false
2026-05-03,2.1.1,27,49,false
2026-05-03,2.2.1,4,49,true
2026-05-04,2.0.0,12,52,false
2026-05-04,2.1.0,7,52,false
2026-05-04,2.1.1,28,52,false
2026-05-04,2.2.1,5,52,true
2026-05-05,2.0.0,12,58,false
2026-05-05,2.1.0,7,58,false
2026-05-05,2.1.1,28,58,false
2026-05-05,2.2.1,11,58,true
2026-05-06,2.0.0,12,59,false
2026-05-06,2.1.0,7,59,false
2026-05-06,2.1.1,28,59,false
2026-05-06,2.2.1,12,59,true
2026-05-07,2.0.0,12,62,false
2026-05-07,2.1.0,7,62,false
2026-05-07,2.1.1,28,62,false
2026-05-07,2.2.1,15,62,true
2026-05-08,2.0.0,12,65,false
2026-05-08,2.1.0,7,65,false
2026-05-08,2.1.1,28,65,false
2026-05-08,2.2.1,18,65,true
2026-05-09,2.0.0,12,68,false
2026-05-09,2.1.0,7,68,false
2026-05-09,2.1.1,28,68,false
2026-05-09,2.2.1,18,68,false
2026-05-09,2.2.2,3,68,true
2026-05-10,2.0.0,12,70,false
2026-05-10,2.1.0,7,70,false
2026-05-10,2.1.1,28,70,false
2026-05-10,2.2.1,19,70,false
2026-05-10,2.2.2,4,70,true
2026-05-11,2.0.0,12,70,false
2026-05-11,2.1.0,7,70,false
2026-05-11,2.1.1,28,70,false
2026-05-11,2.2.1,19,70,false
2026-05-11,2.2.2,4,70,true
2026-05-12,2.0.0,12,72,false
2026-05-12,2.1.0,7,72,false
2026-05-12,2.1.1,28,72,false
2026-05-12,2.2.1,19,72,false
2026-05-12,2.2.2,6,72,true
2026-05-13,2.0.0,12,74,false
2026-05-13,2.1.0,7,74,false
2026-05-13,2.1.1,28,74,false
2026-05-13,2.2.1,19,74,false
2026-05-13,2.2.2,8,74,true
2026-05-14,2.0.0,12,77,false
2026-05-14,2.1.0,7,77,false
2026-05-14,2.1.1,28,77,false
2026-05-14,2.2.1,19,77,false
2026-05-14,2.2.2,11,77,true
2026-05-15,2.0.0,12,81,false
2026-05-15,2.1.0,7,81,false
2026-05-15,2.1.1,28,81,false
2026-05-15,2.2.1,19,81,false
2026-05-15,2.2.2,15,81,true
2026-05-16,2.0.0,12,81,false
2026-05-16,2.1.0,7,81,false
2026-05-16,2.1.1,28,81,false
2026-05-16,2.2.1,19,81,false
2026-05-16,2.2.2,15,81,true
2026-05-17,2.0.0,12,81,false
2026-05-17,2.1.0,7,81,false
2026-05-17,2.1.1,28,81,false
2026-05-17,2.2.1,19,81,false
2026-05-17,2.2.2,15,81,true
2026-05-18,2.0.0,12,81,false
2026-05-18,2.1.0,7,81,false
2026-05-18,2.1.1,28,81,false
2026-05-18,2.2.1,19,81,false
2026-05-18,2.2.2,15,81,true
2026-05-19,2.0.0,12,81,false
2026-05-19,2.1.0,7,81,false
2026-05-19,2.1.1,28,81,false
2026-05-19,2.2.1,19,81,false
2026-05-19,2.2.2,15,81,true
2026-05-20,2.0.0,12,81,false
2026-05-20,2.1.0,7,81,false
2026-05-20,2.1.1,28,81,false
2026-05-20,2.2.1,19,81,false
2026-05-20,2.2.2,15,81,true
2026-05-21,2.0.0,12,81,false
2026-05-21,2.1.0,7,81,false
2026-05-21,2.1.1,28,81,false
2026-05-21,2.2.1,19,81,false
2026-05-21,2.2.2,15,81,false
2026-05-21,2.3.0,0,81,false
2026-05-21,2.3.1,0,81,true
2026-05-22,2.0.0,12,81,false
2026-05-22,2.1.0,7,81,false
2026-05-22,2.1.1,28,81,false
2026-05-22,2.2.1,19,81,false
2026-05-22,2.2.2,15,81,false
2026-05-22,2.3.0,0,81,false
2026-05-22,2.3.1,0,81,true
2026-05-23,2.0.0,12,81,false
2026-05-23,2.1.0,7,81,false
2026-05-23,2.1.1,28,81,false
2026-05-23,2.2.1,19,81,false
2026-05-23,2.2.2,15,81,false
2026-05-23,2.3.0,0,81,false
2026-05-23,2.3.1,0,81,true
2026-05-24,2.0.0,12,81,false
2026-05-24,2.1.0,7,81,false
2026-05-24,2.1.1,28,81,false
2026-05-24,2.2.1,19,81,false
2026-05-24,2.2.2,15,81,false
2026-05-24,2.3.0,0,81,false
2026-05-24,2.3.1,0,81,true
2026-05-25,2.0.0,12,81,false
2026-05-25,2.1.0,7,81,false
2026-05-25,2.1.1,28,81,false
2026-05-25,2.2.1,19,81,false
2026-05-25,2.2.2,15,81,false
2026-05-25,2.3.0,0,81,false
2026-05-25,2.3.1,0,81,true
2026-05-26,2.0.0,12,81,false
2026-05-26,2.1.0,7,81,false
2026-05-26,2.1.1,28,81,false
2026-05-26,2.2.1,19,81,false
2026-05-26,2.2.2,15,81,false
2026-05-26,2.3.0,0,81,false
2026-05-26,2.3.1,0,81,false
2026-05-26,3.0.0,0,81,true
2026-05-27,2.0.0,12,81,false
2026-05-27,2.1.0,7,81,false
2026-05-27,2.1.1,28,81,false
2026-05-27,2.2.1,19,81,false
2026-05-27,2.2.2,15,81,false
2026-05-27,2.3.0,0,81,false
2026-05-27,2.3.1,0,81,false
2026-05-27,3.0.0,0,81,true
2026-05-28,2.0.0,12,81,false
2026-05-28,2.1.0,7,81,false
2026-05-28,2.1.1,28,81,false
2026-05-28,2.2.1,19,81,false
2026-05-28,2.2.2,15,81,false
2026-05-28,2.3.0,0,81,false
2026-05-28,2.3.1,0,81,false
2026-05-28,3.0.0,0,81,true
2026-05-29,2.0.0,12,81,false
2026-05-29,2.1.0,7,81,false
2026-05-29,2.1.1,28,81,false
2026-05-29,2.2.1,19,81,false
2026-05-29,2.2.2,15,81,false
2026-05-29,2.3.0,0,81,false
2026-05-29,2.3.1,0,81,false
2026-05-29,3.0.0,0,81,true
2026-05-30,2.0.0,12,126,false
2026-05-30,2.1.0,7,126,false
2026-05-30,2.1.1,28,126,false
2026-05-30,2.2.1,19,126,false
2026-05-30,2.2.2,34,126,false
2026-05-30,2.3.0,3,126,false
2026-05-30,2.3.1,13,126,false
2026-05-30,3.0.0,10,126,true
2026-05-31,2.0.0,12,126,false
2026-05-31,2.1.0,7,126,false
2026-05-31,2.1.1,28,126,false
2026-05-31,2.2.1,19,126,false
2026-05-31,2.2.2,34,126,false
2026-05-31,2.3.0,3,126,false
2026-05-31,2.3.1,13,126,false
2026-05-31,3.0.0,10,126,true
2026-06-01,2.0.0,12,126,false
2026-06-01,2.1.0,7,126,false
2026-06-01,2.1.1,28,126,false
2026-06-01,2.2.1,19,126,false
2026-06-01,2.2.2,34,126,false
2026-06-01,2.3.0,3,126,false
2026-06-01,2.3.1,13,126,false
2026-06-01,3.0.0,10,126,true
2026-06-02,2.0.0,12,126,false
2026-06-02,2.1.0,7,126,false
2026-06-02,2.1.1,28,126,false
2026-06-02,2.2.1,19,126,false
2026-06-02,2.2.2,34,126,false
2026-06-02,2.3.0,3,126,false
2026-06-02,2.3.1,13,126,false
2026-06-02,3.0.0,10,126,true
2026-06-03,2.0.0,12,126,false
2026-06-03,2.1.0,7,126,false
2026-06-03,2.1.1,28,126,false
2026-06-03,2.2.1,19,126,false
2026-06-03,2.2.2,34,126,false
2026-06-03,2.3.0,3,126,false
2026-06-03,2.3.1,13,126,false
2026-06-03,3.0.0,10,126,true
2026-06-04,2.0.0,12,126,false
2026-06-04,2.1.0,7,126,false
2026-06-04,2.1.1,28,126,false
2026-06-04,2.2.1,19,126,false
2026-06-04,2.2.2,34,126,false
2026-06-04,2.3.0,3,126,false
2026-06-04,2.3.1,13,126,false
2026-06-04,3.0.0,10,126,true
2026-06-05,2.0.0,12,126,false
2026-06-05,2.1.0,7,126,false
2026-06-05,2.1.1,28,126,false
2026-06-05,2.2.1,19,126,false
2026-06-05,2.2.2,34,126,false
2026-06-05,2.3.0,3,126,false
2026-06-05,2.3.1,13,126,false
2026-06-05,3.0.0,10,126,true
2026-06-06,2.0.0,12,145,false
2026-06-06,2.1.0,7,145,false
2026-06-06,2.1.1,28,145,false
2026-06-06,2.2.1,19,145,false
2026-06-06,2.2.2,34,145,false
2026-06-06,2.3.0,3,145,false
2026-06-06,2.3.1,13,145,false
2026-06-06,3.0.0,29,145,true
2026-06-07,2.0.0,12,145,false
2026-06-07,2.1.0,7,145,false
2026-06-07,2.1.1,28,145,false
2026-06-07,2.2.1,19,145,false
2026-06-07,2.2.2,34,145,false
2026-06-07,2.3.0,3,145,false
2026-06-07,2.3.1,13,145,false
2026-06-07,3.0.0,29,145,true
2026-06-08,2.0.0,12,146,false
2026-06-08,2.1.0,7,146,false
2026-06-08,2.1.1,28,146,false
2026-06-08,2.2.1,19,146,false
2026-06-08,2.2.2,34,146,false
2026-06-08,2.3.0,3,146,false
2026-06-08,2.3.1,13,146,false
2026-06-08,3.0.0,30,146,true
2026-06-09,2.0.0,12,147,false
2026-06-09,2.1.0,7,147,false
2026-06-09,2.1.1,28,147,false
2026-06-09,2.2.1,19,147,false
2026-06-09,2.2.2,34,147,false
2026-06-09,2.3.0,3,147,false
2026-06-09,2.3.1,13,147,false
2026-06-09,3.0.0,31,147,true
2026-06-10,2.0.0,12,148,false
2026-06-10,2.1.0,7,148,false
2026-06-10,2.1.1,28,148,false
2026-06-10,2.2.1,19,148,false
2026-06-10,2.2.2,34,148,false
2026-06-10,2.3.0,3,148,false
2026-06-10,2.3.1,13,148,false
2026-06-10,3.0.0,32,148,true
2026-06-11,2.0.0,12,149,false
2026-06-11,2.1.0,7,149,false
2026-06-11,2.1.1,28,149,false
2026-06-11,2.2.1,19,149,false
2026-06-11,2.2.2,34,149,false
2026-06-11,2.3.0,3,149,false
2026-06-11,2.3.1,13,149,false
2026-06-11,3.0.0,33,149,true
2026-06-12,2.0.0,12,151,false
2026-06-12,2.1.0,7,151,false
2026-06-12,2.1.1,28,151,false
2026-06-12,2.2.1,19,151,false
2026-06-12,2.2.2,34,151,false
2026-06-12,2.3.0,3,151,false
2026-06-12,2.3.1,13,151,false
2026-06-12,3.0.0,35,151,true
2026-06-13,2.0.0,12,154,false
2026-06-13,2.1.0,7,154,false
2026-06-13,2.1.1,28,154,false
2026-06-13,2.2.1,19,154,false
2026-06-13,2.2.2,34,154,false
2026-06-13,2.3.0,3,154,false
2026-06-13,2.3.1,13,154,false
2026-06-13,3.0.0,38,154,true
2026-06-14,2.0.0,12,155,false
2026-06-14,2.1.0,7,155,false
2026-06-14,2.1.1,28,155,false
2026-06-14,2.2.1,19,155,false
2026-06-14,2.2.2,34,155,false
2026-06-14,2.3.0,3,155,false
2026-06-14,2.3.1,13,155,false
2026-06-14,3.0.0,39,155,true
2026-06-15,2.0.0,12,157,false
2026-06-15,2.1.0,7,157,false
2026-06-15,2.1.1,28,157,false
2026-06-15,2.2.1,19,157,false
2026-06-15,2.2.2,34,157,false
2026-06-15,2.3.0,3,157,false
2026-06-15,2.3.1,13,157,false
2026-06-15,3.0.0,41,157,true
2026-06-16,2.0.0,12,158,false
2026-06-16,2.1.0,7,158,false
2026-06-16,2.1.1,28,158,false
2026-06-16,2.2.1,19,158,false
2026-06-16,2.2.2,34,158,false
2026-06-16,2.3.0,3,158,false
2026-06-16,2.3.1,13,158,false
2026-06-16,3.0.0,42,158,true
2026-06-17,2.0.0,12,158,false
2026-06-17,2.1.0,7,158,false
2026-06-17,2.1.1,28,158,false
2026-06-17,2.2.1,19,158,false
2026-06-17,2.2.2,34,158,false
2026-06-17,2.3.0,3,158,false
2026-06-17,2.3.1,13,158,false
2026-06-17,3.0.0,42,158,true
2026-06-18,2.0.0,12,158,false
2026-06-18,2.1.0,7,158,false
2026-06-18,2.1.1,28,158,false
2026-06-18,2.2.1,19,158,false
2026-06-18,2.2.2,34,158,false
2026-06-18,2.3.0,3,158,false
2026-06-18,2.3.1,13,158,false
2026-06-18,3.0.0,42,158,true
2026-06-19,2.0.0,12,158,false
2026-06-19,2.1.0,7,158,false
2026-06-19,2.1.1,28,158,false
2026-06-19,2.2.1,19,158,false
2026-06-19,2.2.2,34,158,false
2026-06-19,2.3.0,3,158,false
2026-06-19,2.3.1,13,158,false
2026-06-19,3.0.0,42,158,true
2026-06-20,2.0.0,12,158,false
2026-06-20,2.1.0,7,158,false
2026-06-20,2.1.1,28,158,false
2026-06-20,2.2.1,19,158,false
2026-06-20,2.2.2,34,158,false
2026-06-20,2.3.0,3,158,false
2026-06-20,2.3.1,13,158,false
2026-06-20,3.0.0,42,158,true
2026-06-21,2.0.0,12,158,false
2026-06-21,2.1.0,7,158,false
2026-06-21,2.1.1,28,158,false
2026-06-21,2.2.1,19,158,false
2026-06-21,2.2.2,34,158,false
2026-06-21,2.3.0,3,158,false
2026-06-21,2.3.1,13,158,false
2026-06-21,3.0.0,42,158,true
2026-06-22,2.0.0,12,159,false
2026-06-22,2.1.0,7,159,false
2026-06-22,2.1.1,28,159,false
2026-06-22,2.2.1,19,159,false
2026-06-22,2.2.2,34,159,false
2026-06-22,2.3.0,3,159,false
2026-06-22,2.3.1,13,159,false
2026-06-22,3.0.0,43,159,true
2026-06-23,2.0.0,12,159,false
2026-06-23,2.1.0,7,159,false
2026-06-23,2.1.1,28,159,false
2026-06-23,2.2.1,19,159,false
2026-06-23,2.2.2,34,159,false
2026-06-23,2.3.0,3,159,false
2026-06-23,2.3.1,13,159,false
2026-06-23,3.0.0,43,159,true
2026-06-24,2.0.0,12,162,false
2026-06-24,2.1.0,7,162,false
2026-06-24,2.1.1,28,162,false
2026-06-24,2.2.1,19,162,false
2026-06-24,2.2.2,34,162,false
2026-06-24,2.3.0,3,162,false
2026-06-24,2.3.1,13,162,false
2026-06-24,3.0.0,46,162,true
2026-06-25,2.0.0,12,164,false
2026-06-25,2.1.0,7,164,false
2026-06-25,2.1.1,28,164,false
2026-06-25,2.2.1,19,164,false
2026-06-25,2.2.2,34,164,false
2026-06-25,2.3.0,3,164,false
2026-06-25,2.3.1,13,164,false
2026-06-25,3.0.0,48,164,true
2026-06-26,2.0.0,12,164,false
2026-06-26,2.1.0,7,164,false
2026-06-26,2.1.1,28,164,false
2026-06-26,2.2.1,19,164,false
2026-06-26,2.2.2,34,164,false
2026-06-26,2.3.0,3,164,false
2026-06-26,2.3.1,13,164,false
2026-06-26,3.0.0,48,164,true
2026-06-27,2.0.0,12,165,false
2026-06-27,2.1.0,7,165,false
2026-06-27,2.1.1,28,165,false
2026-06-27,2.2.1,19,165,false
2026-06-27,2.2.2,34,165,false
2026-06-27,2.3.0,3,165,false
2026-06-27,2.3.1,13,165,false
2026-06-27,3.0.0,49,165,true
2026-06-28,2.0.0,12,165,false
2026-06-28,2.1.0,7,165,false
2026-06-28,2.1.1,28,165,false
2026-06-28,2.2.1,19,165,false
2026-06-28,2.2.2,34,165,false
2026-06-28,2.3.0,3,165,false
2026-06-28,2.3.1,13,165,false
2026-06-28,3.0.0,49,165,true
2026-06-29,2.0.0,12,165,false
2026-06-29,2.1.0,7,165,false
2026-06-29,2.1.1,28,165,false
2026-06-29,2.2.1,19,165,false
2026-06-29,2.2.2,34,165,false
2026-06-29,2.3.0,3,165,false
2026-06-29,2.3.1,13,165,false
2026-06-29,3.0.0,51,165,true
2026-06-30,2.0.0,12,165,false
2026-06-30,2.1.0,7,165,false
2026-06-30,2.1.1,28,165,false
2026-06-30,2.2.1,19,165,false
2026-06-30,2.2.2,34,165,false
2026-06-30,2.3.0,3,165,false
2026-06-30,2.3.1,13,165,false
2026-06-30,3.0.0,51,165,true
2026-07-01,2.0.0,12,165,false
2026-07-01,2.1.0,7,165,false
2026-07-01,2.1.1,28,165,false
2026-07-01,2.2.1,19,165,false
2026-07-01,2.2.2,34,165,false
2026-07-01,2.3.0,3,165,false
2026-07-01,2.3.1,13,165,false
2026-07-01,3.0.0,51,165,true
2026-07-02,2.0.0,12,165,false
2026-07-02,2.1.0,7,165,false
2026-07-02,2.1.1,28,165,false
2026-07-02,2.2.1,19,165,false
2026-07-02,2.2.2,34,165,false
2026-07-02,2.3.0,3,165,false
2026-07-02,2.3.1,13,165,false
2026-07-02,3.0.0,52,165,true
2026-07-03,2.0.0,12,165,false
2026-07-03,2.1.0,9,165,false
2026-07-03,2.1.1,28,165,false
2026-07-03,2.2.1,20,165,false
2026-07-03,2.2.2,35,165,false
2026-07-03,2.3.0,4,165,false
2026-07-03,2.3.1,14,165,false
2026-07-03,3.0.0,53,165,true
2026-07-04,2.0.0,12,165,false
2026-07-04,2.1.0,9,165,false
2026-07-04,2.1.1,28,165,false
2026-07-04,2.2.1,20,165,false
2026-07-04,2.2.2,35,165,false
2026-07-04,2.3.0,4,165,false
2026-07-04,2.3.1,14,165,false
2026-07-04,3.0.0,53,165,true
2026-07-05,2.0.0,12,165,false
2026-07-05,2.1.0,9,165,false
2026-07-05,2.1.1,28,165,false
2026-07-05,2.2.1,20,165,false
2026-07-05,2.2.2,35,165,false
2026-07-05,2.3.0,4,165,false
2026-07-05,2.3.1,14,165,false
2026-07-05,3.0.0,54,165,true
2026-07-06,2.0.0,12,165,false
2026-07-06,2.1.0,9,165,false
2026-07-06,2.1.1,28,165,false
2026-07-06,2.2.1,20,165,false
2026-07-06,2.2.2,35,165,false
2026-07-06,2.3.0,4,165,false
2026-07-06,2.3.1,14,165,false
2026-07-06,3.0.0,54,165,true
2026-07-07,2.0.0,12,165,false
2026-07-07,2.1.0,9,165,false
2026-07-07,2.1.1,28,165,false
2026-07-07,2.2.1,20,165,false
2026-07-07,2.2.2,35,165,false
2026-07-07,2.3.0,4,165,false
2026-07-07,2.3.1,14,165,false
2026-07-07,3.0.0,55,165,true
2026-07-08,2.0.0,12,165,false
2026-07-08,2.1.0,9,165,false
2026-07-08,2.1.1,28,165,false
2026-07-08,2.2.1,20,165,false
2026-07-08,2.2.2,35,165,false
2026-07-08,2.3.0,4,165,false
2026-07-08,2.3.1,14,165,false
2026-07-08,3.0.0,56,165,true
2026-07-09,2.0.0,12,165,false
2026-07-09,2.1.0,9,165,false
2026-07-09,2.1.1,28,165,false
2026-07-09,2.2.1,20,165,false
2026-07-09,2.2.2,35,165,false
2026-07-09,2.3.0,4,165,false
2026-07-09,2.3.1,14,165,false
2026-07-09,3.0.0,59,165,true
2026-07-10,2.0.0,12,165,false
2026-07-10,2.1.0,9,165,false
2026-07-10,2.1.1,28,165,false
2026-07-10,2.2.1,20,165,false
2026-07-10,2.2.2,35,165,false
2026-07-10,2.3.0,4,165,false
2026-07-10,2.3.1,14,165,false
2026-07-10,3.0.0,62,165,true
2026-07-11,2.0.0,12,165,false
2026-07-11,2.1.0,9,165,false
2026-07-11,2.1.1,28,165,false
2026-07-11,2.2.1,20,165,false
2026-07-11,2.2.2,35,165,false
2026-07-11,2.3.0,4,165,false
2026-07-11,2.3.1,14,165,false
2026-07-11,3.0.0,63,165,true
2026-07-12,2.0.0,12,165,false
2026-07-12,2.1.0,9,165,false
2026-07-12,2.1.1,28,165,false
2026-07-12,2.2.1,20,165,false
2026-07-12,2.2.2,35,165,false
2026-07-12,2.3.0,4,165,false
2026-07-12,2.3.1,14,165,false
2026-07-12,3.0.0,63,165,true
2026-07-13,2.0.0,12,165,false
2026-07-13,2.1.0,9,165,false
2026-07-13,2.1.1,28,165,false
2026-07-13,2.2.1,20,165,false
2026-07-13,2.2.2,35,165,false
2026-07-13,2.3.0,4,165,false
2026-07-13,2.3.1,14,165,false
2026-07-13,3.0.0,64,165,true
2026-07-23,2.0.0,12,165,false
2026-07-23,2.1.0,9,165,false
2026-07-23,2.1.1,28,165,false
2026-07-23,2.2.1,20,165,false
2026-07-23,2.2.2,35,165,false
2026-07-23,2.3.0,4,165,false
2026-07-23,2.3.1,15,165,false
2026-07-23,3.0.0,80,165,true
2026-07-24,2.0.0,12,165,false
2026-07-24,2.1.0,9,165,false
2026-07-24,2.1.1,28,165,false
2026-07-24,2.2.1,20,165,false
2026-07-24,2.2.2,35,165,false
2026-07-24,2.3.0,4,165,false
2026-07-24,2.3.1,18,165,false
2026-07-24,3.0.0,81,165,true
2026-07-25,2.0.0,12,165,false
2026-07-25,2.1.0,9,165,false
2026-07-25,2.1.1,28,165,false
2026-07-25,2.2.1,20,165,false
2026-07-25,2.2.2,35,165,false
2026-07-25,2.3.0,4,165,false
2026-07-25,2.3.1,18,165,false
2026-07-25,3.0.0,83,165,true
2026-07-26,2.0.0,12,165,false
2026-07-26,2.1.0,9,165,false
2026-07-26,2.1.1,28,165,false
2026-07-26,2.2.1,20,165,false
2026-07-26,2.2.2,35,165,false
2026-07-26,2.3.0,4,165,false
2026-07-26,2.3.1,18,165,false
2026-07-26,3.0.0,84,165,true
2026-07-27,2.0.0,12,165,false
2026-07-27,2.1.0,9,165,false
2026-07-27,2.1.1,28,165,false
2026-07-27,2.2.1,20,165,false
2026-07-27,2.2.2,35,165,false
2026-07-27,2.3.0,4,165,false
2026-07-27,2.3.1,18,165,false
2026-07-27,3.0.0,85,165,true
2026-07-28,2.0.0,12,165,false
2026-07-28,2.1.0,9,165,false
2026-07-28,2.1.1,28,165,false
2026-07-28,2.2.1,20,165,false
2026-07-28,2.2.2,35,165,false
2026-07-28,2.3.0,4,165,false
2026-07-28,2.3.1,18,165,false
2026-07-28,3.0.0,85,165,true
2026-07-29,2.0.0,12,165,false
2026-07-29,2.1.0,9,165,false
2026-07-29,2.1.1,28,165,false
2026-07-29,2.2.1,20,165,false
2026-07-29,2.2.2,35,165,false
2026-07-29,2.3.0,4,165,false
2026-07-29,2.3.1,18,165,false
2026-07-29,3.0.0,86,165,true
2026-07-30,2.0.0,12,165,false
2026-07-30,2.1.0,9,165,false
2026-07-30,2.1.1,28,165,false
2026-07-30,2.2.1,20,165,false
2026-07-30,2.2.2,35,165,false
2026-07-30,2.3.0,4,165,false
2026-07-30,2.3.1,18,165,false
2026-07-30,3.0.0,86,165,true
2026-07-31,2.0.0,12,165,false
2026-07-31,2.1.0,9,165,false
2026-07-31,2.1.1,28,165,false
2026-07-31,2.2.1,20,165,false
2026-07-31,2.2.2,35,165,false
2026-07-31,2.3.0,4,165,false
2026-07-31,2.3.1,18,165,false
2026-07-31,3.0.0,87,165,true
2026-08-01,2.0.0,12,165,false
2026-08-01,2.1.0,9,165,false
2026-08-01,2.1.1,28,165,false
2026-08-01,2.2.1,20,165,false
2026-08-01,2.2.2,35,165,false
2026-08-01,2.3.0,4,165,false
2026-08-01,2.3.1,18,165,false
2026-08-01,3.0.0,88,165,true
2026-08-02,2.0.0,12,165,false
2026-08-02,2.1.0,9,165,false
2026-08-02,2.1.1,28,165,false
2026-08-02,2.2.1,20,165,false
2026-08-02,2.2.2,35,165,false
2026-08-02,2.3.0,4,165,false
2026-08-02,2.3.1,18,165,false
2026-08-02,3.0.0,90,165,true
2026-08-03,2.0.0,12,165,false
2026-08-03,2.1.0,9,165,false
2026-08-03,2.1.1,28,165,false
2026-08-03,2.2.1,20,165,false
2026-08-03,2.2.2,35,165,false
2026-08-03,2.3.0,4,165,false
2026-08-03,2.3.1,18,165,false
2026-08-03,3.0.0,91,165,true
2026-08-04,2.0.0,12,165,false
2026-08-04,2.1.0,9,165,false
2026-08-04,2.1.1,28,165,false
2026-08-04,2.2.1,20,165,false
2026-08-04,2.2.2,35,165,false
2026-08-04,2.3.0,4,165,false
2026-08-04,2.3.1,19,165,false
2026-08-04,3.0.0,97,165,false
2026-08-04,3.0.1,6,165,false
2026-08-04,3.0.6,5,165,true
2026-08-05,2.0.0,12,165,false
2026-08-05,2.1.0,9,165,false
2026-08-05,2.1.1,28,165,false
2026-08-05,2.2.1,20,165,false
2026-08-05,2.2.2,35,165,false
2026-08-05,2.3.0,4,165,false
2026-08-05,2.3.1,19,165,false
2026-08-05,3.0.0,97,165,false
2026-08-05,3.0.1,6,165,false
2026-08-05,3.0.6,6,165,true
2026-08-06,2.0.0,12,165,false
2026-08-06,2.1.0,9,165,false
2026-08-06,2.1.1,28,165,false
2026-08-06,2.2.1,20,165,false
2026-08-06,2.2.2,35,165,false
2026-08-06,2.3.0,4,165,false
2026-08-06,2.3.1,19,165,false
2026-08-06,3.0.0,97,165,false
2026-08-06,3.0.1,6,165,false
2026-08-06,3.0.6,8,165,true
2026-08-07,2.0.0,12,165,false
2026-08-07,2.1.0,9,165,false
2026-08-07,2.1.1,28,165,false
2026-08-07,2.2.1,20,165,false
2026-08-07,2.2.2,35,165,false
2026-08-07,2.3.0,4,165,false
2026-08-07,2.3.1,19,165,false
2026-08-07,3.0.0,97,165,false
2026-08-07,3.0.1,6,165,false
2026-08-07,3.0.6,8,165,true
2026-08-08,2.0.0,12,165,false
2026-08-08,2.1.0,9,165,false
2026-08-08,2.1.1,28,165,false
2026-08-08,2.2.1,20,165,false
2026-08-08,2.2.2,35,165,false
2026-08-08,2.3.0,4,165,false
2026-08-08,2.3.1,19,165,false
2026-08-08,3.0.0,97,165,false
2026-08-08,3.0.1,6,165,false
2026-08-08,3.0.6,9,165,true
2026-08-09,2.0.0,12,165,false
2026-08-09,2.1.0,9,165,false
2026-08-09,2.1.1,28,165,false
2026-08-09,2.2.1,20,165,false
2026-08-09,2.2.2,35,165,false
2026-08-09,2.3.0,4,165,false
2026-08-09,2.3.1,19,165,false
2026-08-09,3.0.0,97,165,false
2026-08-09,3.0.1,6,165,false
2026-08-09,3.0.6,9,165,true
2026-08-10,2.0.0,12,165,false
2026-08-10,2.1.0,9,165,false
2026-08-10,2.1.1,28,165,false
2026-08-10,2.2.1,20,165,false
2026-08-10,2.2.2,35,165,false
2026-08-10,2.3.0,4,165,false
2026-08-10,2.3.1,19,165,false
2026-08-10,3.0.0,97,165,false
2026-08-10,3.0.1,6,165,false
2026-08-10,3.0.6,10,165,true
2026-08-11,2.0.0,12,165,false
2026-08-11,2.1.0,9,165,false
2026-08-11,2.1.1,28,165,false
2026-08-11,2.2.1,20,165,false
2026-08-11,2.2.2,35,165,false
2026-08-11,2.3.0,4,165,false
2026-08-11,2.3.1,19,165,false
2026-08-11,3.0.0,98,165,false
2026-08-11,3.0.1,7,165,false
2026-08-11,3.0.6,11,165,true
2026-08-12,2.0.0,12,165,false
2026-08-12,2.1.0,9,165,false
2026-08-12,2.1.1,28,165,false
2026-08-12,2.2.1,20,165,false
2026-08-12,2.2.2,35,165,false
2026-08-12,2.3.0,4,165,false
2026-08-12,2.3.1,19,165,false
2026-08-12,3.0.0,98,165,false
2026-08-12,3.0.1,7,165,false
2026-08-12,3.0.6,13,165,true
2026-08-13,2.0.0,12,165,false
2026-08-13,2.1.0,9,165,false
2026-08-13,2.1.1,28,165,false
2026-08-13,2.2.1,20,165,false
2026-08-13,2.2.2,35,165,false
2026-08-13,2.3.0,4,165,false
2026-08-13,2.3.1,19,165,false
2026-08-13,3.0.0,98,165,false
2026-08-13,3.0.1,7,165,false
2026-08-13,3.0.6,13,165,true
2026-08-14,2.0.0,12,165,false
2026-08-14,2.1.0,9,165,false
2026-08-14,2.1.1,28,165,false
2026-08-14,2.2.1,20,165,false
2026-08-14,2.2.2,35,165,false
2026-08-14,2.3.0,4,165,false
2026-08-14,2.3.1,19,165,false
2026-08-14,3.0.0,98,165,false
2026-08-14,3.0.1,7,165,false
2026-08-14,3.0.6,15,165,true
